"category","name","link","description"
"Computer Vision","Scikit-Image","https://github.com/scikit-image/scikit-image","Scikit-Image - A collection of algorithms for image processing in Python."
"Computer Vision","Scikit-Opt","https://github.com/guofei9987/scikit-opt","Scikit-Opt - Swarm Intelligence in Python (Genetic Algorithm, Particle Swarm Optimization, Simulated Annealing, Ant Colony Algorithm, Immune Algorithm, Artificial Fish Swarm Algorithm in Python)"
"Computer Vision","SimpleCV","https://github.com/sightmachine/SimpleCV","SimpleCV - An open source computer vision framework that gives access to several high-powered computer vision libraries, such as OpenCV. Written on Python and runs on Mac, Windows, and Ubuntu Linux."
"Computer Vision","Vigranumpy","https://github.com/ukoethe/vigra","Vigranumpy - Python bindings for the VIGRA C++ computer vision library."
"Computer Vision","OpenFace","https://github.com/cmusatyalab/openface","OpenFace - Free and open source face recognition with deep neural networks."
"Computer Vision","PCV","https://github.com/jesolem/PCV","PCV - Open source Python module for computer vision. [Deprecated]"
"Computer Vision","face_recognition","https://github.com/ageitgey/face_recognition","face_recognition - Face recognition library that recognizes and manipulates faces from Python or from the command line."
"Computer Vision","deepface","https://github.com/serengil/deepface","deepface - A lightweight face recognition and facial attribute analysis (age, gender, emotion and race) framework for Python covering cutting-edge models such as VGG-Face, FaceNet, OpenFace, DeepFace, DeepID, Dlib and ArcFace."
"Computer Vision","retinaface","https://github.com/serengil/retinaface","retinaface - deep learning based cutting-edge facial detector for Python coming with facial landmarks"
"Computer Vision","dockerface","https://github.com/natanielruiz/dockerface","dockerface - Easy to install and use deep learning Faster R-CNN face detection for images and video in a docker container. [Deprecated]"
"Computer Vision","Detectron","https://github.com/facebookresearch/Detectron","Detectron - FAIR's software system that implements state-of-the-art object detection algorithms, including Mask R-CNN. It is written in Python and powered by the Caffe2 deep learning framework. [Deprecated]"
"Computer Vision","detectron2","https://github.com/facebookresearch/detectron2","detectron2 - FAIR's next-generation research platform for object detection and segmentation. It is a ground-up rewrite of the previous version, Detectron, and is powered by the PyTorch deep learning framework."
"Computer Vision","albumentations","https://github.com/albu/albumentations","albumentations - А fast and framework agnostic image augmentation library that implements a diverse set of augmentation techniques. Supports classification, segmentation, detection out of the box. Was used to win a number of Deep Learning competitions at Kaggle, Topcoder and those that were a part of the CVPR workshops."
"Computer Vision","pytessarct","https://github.com/madmaze/pytesseract","pytessarct - Python-tesseract is an optical character recognition (OCR) tool for python. That is, it will recognize and ""read"" the text embedded in images. Python-tesseract is a wrapper for Google's Tesseract-OCR Engine."
"Computer Vision","imutils","https://github.com/jrosebr1/imutils","imutils - A library containing Convenience functions to make basic image processing operations such as translation, rotation, resizing, skeletonization, and displaying Matplotlib images easier with OpenCV and Python."
"Computer Vision","PyTorchCV","https://github.com/donnyyou/PyTorchCV","PyTorchCV - A PyTorch-Based Framework for Deep Learning in Computer Vision."
"Computer Vision","Self-supervised learning","https://github.com/jason718/awesome-self-supervised-learning","Self-supervised learning"
"Computer Vision","neural-style-pt","https://github.com/ProGamerGov/neural-style-pt","neural-style-pt - A PyTorch implementation of Justin Johnson's neural-style (neural style transfer)."
"Computer Vision","Detecto","https://github.com/alankbi/detecto","Detecto - Train and run a computer vision model with 5-10 lines of code."
"Computer Vision","neural-dream","https://github.com/ProGamerGov/neural-dream","neural-dream - A PyTorch implementation of DeepDream."
"Computer Vision","Openpose","https://github.com/CMU-Perceptual-Computing-Lab/openpose","Openpose - A real-time multi-person keypoint detection library for body, face, hands, and foot estimation"
"Computer Vision","Deep High-Resolution-Net","https://github.com/leoxiaobin/deep-high-resolution-net.pytorch","Deep High-Resolution-Net - A PyTorch implementation of CVPR2019 paper ""Deep High-Resolution Representation Learning for Human Pose Estimation"""
"Computer Vision","dream-creator","https://github.com/ProGamerGov/dream-creator","dream-creator - A PyTorch implementation of DeepDream. Allows individuals to quickly and easily train their own custom GoogleNet models with custom datasets for DeepDream."
"Computer Vision","Lucent","https://github.com/greentfrapp/lucent","Lucent - Tensorflow and OpenAI Clarity's Lucid adapted for PyTorch."
"Computer Vision","lightly","https://github.com/lightly-ai/lightly","lightly - Lightly is a computer vision framework for self-supervised learning."
"Computer Vision","Learnergy","https://github.com/gugarosa/learnergy","Learnergy - Energy-based machine learning models built upon PyTorch."
"Computer Vision","OpenVisionAPI","https://github.com/openvisionapi","OpenVisionAPI - Open source computer vision API based on open source models."
"Computer Vision","IoT Owl","https://github.com/Ret2Me/IoT-Owl","IoT Owl - Light face detection and recognition system with huge possibilities, based on Microsoft Face API and TensorFlow made for small IoT devices like raspberry pi."
"Computer Vision","Exadel CompreFace","https://github.com/exadel-inc/CompreFace","Exadel CompreFace - face recognition system that can be easily integrated into any system without prior machine learning skills. CompreFace provides REST API for face recognition, face verification, face detection, face mask detection, landmark detection, age, and gender recognition and is easily deployed with docker."
"Computer Vision","computer-vision-in-action","https://github.com/Charmve/computer-vision-in-action","computer-vision-in-action - as known as L0CV, is a new generation of computer vision open source online learning media, a cross-platform interactive learning framework integrating graphics, source code and HTML. the L0CV ecosystem — Notebook, Datasets, Source Code, and from Diving-in to Advanced — as well as the L0CV Hub."
"Natural Language Processing","pkuseg-python","https://github.com/lancopku/pkuseg-python","pkuseg-python - A better version of Jieba, developed by Peking University."
"Natural Language Processing","NLTK","https://github.com/nltk/nltk","NLTK - A leading platform for building Python programs to work with human language data."
"Natural Language Processing","Pattern","https://github.com/clips/pattern","Pattern - A web mining module for the Python programming language. It has tools for natural language processing, machine learning, among others."
"Natural Language Processing","Quepy","https://github.com/machinalis/quepy","Quepy - A python framework to transform natural language questions to queries in a database query language."
"Natural Language Processing","TextBlob","https://github.com/sloria/TextBlob","TextBlob - Providing a consistent API for diving into common natural language processing (NLP) tasks. Stands on the giant shoulders of NLTK and Pattern, and plays nicely with both."
"Natural Language Processing","YAlign","https://github.com/machinalis/yalign","YAlign - A sentence aligner, a friendly tool for extracting parallel sentences from comparable corpora. [Deprecated]"
"Natural Language Processing","jieba","https://github.com/fxsjy/jieba#jieba-1","jieba - Chinese Words Segmentation Utilities."
"Natural Language Processing","SnowNLP","https://github.com/isnowfy/snownlp","SnowNLP - A library for processing Chinese text."
"Natural Language Processing","spammy","https://github.com/tasdikrahman/spammy","spammy - A library for email Spam filtering built on top of NLTK"
"Natural Language Processing","loso","https://github.com/fangpenlin/loso","loso - Another Chinese segmentation library. [Deprecated]"
"Natural Language Processing","genius","https://github.com/duanhongyi/genius","genius - A Chinese segment based on Conditional Random Field."
"Natural Language Processing","KoNLPy","https://github.com/konlpy/konlpy","KoNLPy - A Python package for Korean natural language processing."
"Natural Language Processing","nut","https://github.com/pprett/nut","nut - Natural language Understanding Toolkit. [Deprecated]"
"Natural Language Processing","Rosetta","https://github.com/columbia-applied-data-science/rosetta","Rosetta - Text processing tools and wrappers (e.g. Vowpal Wabbit)"
"Natural Language Processing","BLLIP Parser","https://github.com/dmcc/bllip-parser","BLLIP Parser - Python bindings for the BLLIP Natural Language Parser (also known as the Charniak-Johnson parser). [Deprecated]"
"Natural Language Processing","PyNLPl","https://github.com/proycon/pynlpl","PyNLPl - Python Natural Language Processing Library. General purpose NLP library for Python. Also contains some specific modules for parsing common NLP formats, most notably for FoLiA, but also ARPA language models, Moses phrasetables, GIZA++ alignments."
"Natural Language Processing","PySS3","https://github.com/sergioburdisso/pyss3","PySS3 - Python package that implements a novel white-box machine learning model for text classification, called SS3. Since SS3 has the ability to visually explain its rationale, this package also comes with easy-to-use interactive visualizations tools (online demos)."
"Natural Language Processing","python-ucto","https://github.com/proycon/python-ucto","python-ucto - Python binding to ucto (a unicode-aware rule-based tokenizer for various languages)."
"Natural Language Processing","python-frog","https://github.com/proycon/python-frog","python-frog - Python binding to Frog, an NLP suite for Dutch. (pos tagging, lemmatisation, dependency parsing, NER)"
"Natural Language Processing","python-zpar","https://github.com/EducationalTestingService/python-zpar","python-zpar - Python bindings for ZPar, a statistical part-of-speech-tagger, constituency parser, and dependency parser for English."
"Natural Language Processing","colibri-core","https://github.com/proycon/colibri-core","colibri-core - Python binding to C++ library for extracting and working with basic linguistic constructions such as n-grams and skipgrams in a quick and memory-efficient way."
"Natural Language Processing","spaCy","https://github.com/explosion/spaCy","spaCy - Industrial strength NLP with Python and Cython."
"Natural Language Processing","PyStanfordDependencies","https://github.com/dmcc/PyStanfordDependencies","PyStanfordDependencies - Python interface for converting Penn Treebank trees to Stanford Dependencies."
"Natural Language Processing","Distance","https://github.com/doukremt/distance","Distance - Levenshtein and Hamming distance computation. [Deprecated]"
"Natural Language Processing","Fuzzy Wuzzy","https://github.com/seatgeek/fuzzywuzzy","Fuzzy Wuzzy - Fuzzy String Matching in Python."
"Natural Language Processing","jellyfish","https://github.com/jamesturk/jellyfish","jellyfish - a python library for doing approximate and phonetic matching of strings."
"Natural Language Processing","editdistance","https://github.com/roy-ht/editdistance","editdistance - fast implementation of edit distance."
"Natural Language Processing","textacy","https://github.com/chartbeat-labs/textacy","textacy - higher-level NLP built on Spacy."
"Natural Language Processing","stanford-corenlp-python","https://github.com/dasmith/stanford-corenlp-python","stanford-corenlp-python - Python wrapper for Stanford CoreNLP [Deprecated]"
"Natural Language Processing","CLTK","https://github.com/cltk/cltk","CLTK - The Classical Language Toolkit."
"Natural Language Processing","Rasa","https://github.com/RasaHQ/rasa","Rasa - A ""machine learning framework to automate text-and voice-based conversations."""
"Natural Language Processing","yase","https://github.com/PPACI/yase","yase - Transcode sentence (or other sequence) to list of word vector ."
"Natural Language Processing","Polyglot","https://github.com/aboSamoor/polyglot","Polyglot - Multilingual text (NLP) processing toolkit."
"Natural Language Processing","DrQA","https://github.com/facebookresearch/DrQA","DrQA - Reading Wikipedia to answer open-domain questions."
"Natural Language Processing","Dedupe","https://github.com/dedupeio/dedupe","Dedupe - A python library for accurate and scalable fuzzy matching, record deduplication and entity-resolution."
"Natural Language Processing","Snips NLU","https://github.com/snipsco/snips-nlu","Snips NLU - Natural Language Understanding library for intent classification and entity extraction"
"Natural Language Processing","NeuroNER","https://github.com/Franck-Dernoncourt/NeuroNER","NeuroNER - Named-entity recognition using neural networks providing state-of-the-art-results"
"Natural Language Processing","DeepPavlov","https://github.com/deepmipt/DeepPavlov/","DeepPavlov - conversational AI library with many pre-trained Russian NLP models."
"Natural Language Processing","BigARTM","https://github.com/bigartm/bigartm","BigARTM - topic modelling platform."
"Natural Language Processing","NALP","https://github.com/gugarosa/nalp","NALP - A Natural Adversarial Language Processing framework built over Tensorflow."
"Natural Language Processing","DL Translate","https://github.com/xhlulu/dl-translate","DL Translate - A deep learning-based translation library between 50 languages, built with transformers."
"General-Purpose Machine Learning","RexMex","https://github.com/AstraZeneca/rexmex","RexMex -> A general purpose recommender metrics library for fair evaluation."
"General-Purpose Machine Learning","ChemicalX","https://github.com/AstraZeneca/chemicalx","ChemicalX -> A PyTorch based deep learning library for drug pair scoring"
"General-Purpose Machine Learning","Microsoft ML for Apache Spark","https://github.com/Azure/mmlspark","Microsoft ML for Apache Spark -> A distributed machine learning framework Apache Spark"
"General-Purpose Machine Learning","Shapley","https://github.com/benedekrozemberczki/shapley","Shapley -> A data-driven framework to quantify the value of classifiers in a machine learning ensemble."
"General-Purpose Machine Learning","igel","https://github.com/nidhaloff/igel","igel -> A delightful machine learning tool that allows you to train/fit, test and use models without writing code"
"General-Purpose Machine Learning","ML Model building","https://github.com/Shanky-21/Machine_learning","ML Model building -> A Repository Containing Classification, Clustering, Regression, Recommender Notebooks with illustration to make them."
"General-Purpose Machine Learning","ML/DL project template","https://github.com/PyTorchLightning/deep-learning-project-template","ML/DL project template"
"General-Purpose Machine Learning","PyTorch Geometric Temporal","https://github.com/benedekrozemberczki/pytorch_geometric_temporal","PyTorch Geometric Temporal -> A temporal extension of PyTorch Geometric for dynamic graph representation learning."
"General-Purpose Machine Learning","Little Ball of Fur","https://github.com/benedekrozemberczki/littleballoffur","Little Ball of Fur -> A graph sampling extension library for NetworkX with a Scikit-Learn like API."
"General-Purpose Machine Learning","Karate Club","https://github.com/benedekrozemberczki/karateclub","Karate Club -> An unsupervised machine learning extension library for NetworkX with a Scikit-Learn like API."
"General-Purpose Machine Learning","Auto_ViML","https://github.com/AutoViML/Auto_ViML","Auto_ViML -> Automatically Build Variant Interpretable ML models fast! Auto_ViML is pronounced ""auto vimal"", is a comprehensive and scalable Python AutoML toolkit with imbalanced handling, ensembling, stacking and built-in feature selection. Featured in Medium article."
"General-Purpose Machine Learning","PyOD","https://github.com/yzhao062/pyod","PyOD -> Python Outlier Detection, comprehensive and scalable Python toolkit for detecting outlying objects in multivariate data. Featured for Advanced models, including Neural Networks/Deep Learning and Outlier Ensembles."
"General-Purpose Machine Learning","steppy","https://github.com/neptune-ml/steppy","steppy -> Lightweight, Python library for fast and reproducible machine learning experimentation. Introduces a very simple interface that enables clean machine learning pipeline design."
"General-Purpose Machine Learning","steppy-toolkit","https://github.com/neptune-ml/steppy-toolkit","steppy-toolkit -> Curated collection of the neural networks, transformers and models that make your machine learning work faster and more effective."
"General-Purpose Machine Learning","CNTK","https://github.com/Microsoft/CNTK","CNTK - Microsoft Cognitive Toolkit (CNTK), an open source deep-learning toolkit. Documentation can be found here."
"General-Purpose Machine Learning","Couler","https://github.com/couler-proj/couler","Couler - Unified interface for constructing and managing machine learning workflows on different workflow engines, such as Argo Workflows, Tekton Pipelines, and Apache Airflow."
"General-Purpose Machine Learning","auto_ml","https://github.com/ClimbsRocks/auto_ml","auto_ml - Automated machine learning for production and analytics. Lets you focus on the fun parts of ML, while outputting production-ready code, and detailed analytics of your dataset and results. Includes support for NLP, XGBoost, CatBoost, LightGBM, and soon, deep learning."
"General-Purpose Machine Learning","dtaidistance","https://github.com/wannesm/dtaidistance","dtaidistance - High performance library for time series distances (DTW) and time series clustering."
"General-Purpose Machine Learning","einops","https://github.com/arogozhnikov/einops","einops - Deep learning operations reinvented (for pytorch, tensorflow, jax and others)."
"General-Purpose Machine Learning","machine learning","https://github.com/jeff1evesque/machine-learning","machine learning - automated build consisting of a web-interface, and set of programmatic-interface API, for support vector machines. Corresponding dataset(s) are stored into a SQL database, then generated model(s) used for prediction(s), are stored into a NoSQL datastore."
"General-Purpose Machine Learning","XGBoost","https://github.com/dmlc/xgboost","XGBoost - Python bindings for eXtreme Gradient Boosting (Tree) Library."
"General-Purpose Machine Learning","ChefBoost","https://github.com/serengil/chefboost","ChefBoost - a lightweight decision tree framework for Python with categorical feature support covering regular decision tree algorithms such as ID3, C4.5, CART, CHAID and regression tree; also some advanved bagging and boosting techniques such as gradient boosting, random forest and adaboost."
"General-Purpose Machine Learning","Apache SINGA","https://github.com/apache/singa-doc","Apache SINGA - An Apache Incubating project for developing an open source machine learning library."
"General-Purpose Machine Learning","Bayesian Methods for Hackers","https://github.com/CamDavidsonPilon/Probabilistic-Programming-and-Bayesian-Methods-for-Hackers","Bayesian Methods for Hackers - Book/iPython notebooks on Probabilistic Programming in Python."
"General-Purpose Machine Learning","Featureforge","https://github.com/machinalis/featureforge","Featureforge A set of tools for creating and testing machine learning features, with a scikit-learn compatible API."
"General-Purpose Machine Learning","MLlib in Apache Spark","https://github.com/flipkart-incubator/spark-transformers","MLlib in Apache Spark - Distributed machine learning library in Spark"
"General-Purpose Machine Learning","Hydrosphere Mist","https://github.com/Hydrospheredata/mist","Hydrosphere Mist - a service for deployment Apache Spark MLLib machine learning models as realtime, batch or reactive web services."
"General-Purpose Machine Learning","Towhee","https://github.com/towhee-io/towhee","Towhee - A Python module that encode unstructured data into embeddings."
"General-Purpose Machine Learning","scikit-learn","https://github.com/scikit-learn/scikit-learn","scikit-learn - A Python module for machine learning built on top of SciPy."
"General-Purpose Machine Learning","metric-learn","https://github.com/metric-learn/metric-learn","metric-learn - A Python module for metric learning."
"General-Purpose Machine Learning","OpenMetricLearning","https://github.com/OML-Team/open-metric-learning","OpenMetricLearning - A PyTorch-based framework to train and validate the models producing high-quality embeddings."
"General-Purpose Machine Learning","Intel(R) Extension for Scikit-learn","https://github.com/intel/scikit-learn-intelex","Intel(R) Extension for Scikit-learn - A seamless way to speed up your Scikit-learn applications with no accuracy loss and code changes."
"General-Purpose Machine Learning","SimpleAI","https://github.com/simpleai-team/simpleai","SimpleAI Python implementation of many of the artificial intelligence algorithms described in the book ""Artificial Intelligence, a Modern Approach"". It focuses on providing an easy to use, well documented and tested library."
"General-Purpose Machine Learning","astroML","https://github.com/astroML/astroML","astroML - Machine Learning and Data Mining for Astronomy."
"General-Purpose Machine Learning","graphlab-create","https://turi.com/products/create/docs/","graphlab-create - A library with various machine learning models (regression, clustering, recommender systems, graph analytics, etc.) implemented on top of a disk-backed DataFrame."
"General-Purpose Machine Learning","BigML","https://bigml.com","BigML - A library that contacts external servers."
"General-Purpose Machine Learning","pattern","https://github.com/clips/pattern","pattern - Web mining module for Python."
"General-Purpose Machine Learning","NuPIC","https://github.com/numenta/nupic","NuPIC - Numenta Platform for Intelligent Computing."
"General-Purpose Machine Learning","Pylearn2","https://github.com/lisa-lab/pylearn2","Pylearn2 - A Machine Learning library based on Theano. [Deprecated]"
"General-Purpose Machine Learning","keras","https://github.com/keras-team/keras","keras - High-level neural networks frontend for TensorFlow, CNTK and Theano."
"General-Purpose Machine Learning","Lasagne","https://github.com/Lasagne/Lasagne","Lasagne - Lightweight library to build and train neural networks in Theano."
"General-Purpose Machine Learning","hebel","https://github.com/hannes-brt/hebel","hebel - GPU-Accelerated Deep Learning Library in Python. [Deprecated]"
"General-Purpose Machine Learning","Chainer","https://github.com/chainer/chainer","Chainer - Flexible neural network framework."
"General-Purpose Machine Learning","prophet","https://facebook.github.io/prophet/","prophet - Fast and automated time series forecasting framework by Facebook."
"General-Purpose Machine Learning","gensim","https://github.com/RaRe-Technologies/gensim","gensim - Topic Modelling for Humans."
"General-Purpose Machine Learning","topik","https://github.com/ContinuumIO/topik","topik - Topic modelling toolkit. [Deprecated]"
"General-Purpose Machine Learning","PyBrain","https://github.com/pybrain/pybrain","PyBrain - Another Python Machine Learning Library."
"General-Purpose Machine Learning","Brainstorm","https://github.com/IDSIA/brainstorm","Brainstorm - Fast, flexible and fun neural networks. This is the successor of PyBrain."
"General-Purpose Machine Learning","Surprise","https://surpriselib.com","Surprise - A scikit for building and analyzing recommender systems."
"General-Purpose Machine Learning","implicit","https://implicit.readthedocs.io/en/latest/quickstart.html","implicit - Fast Python Collaborative Filtering for Implicit Datasets."
"General-Purpose Machine Learning","LightFM","https://making.lyst.com/lightfm/docs/home.html","LightFM -  A Python implementation of a number of popular recommendation algorithms for both implicit and explicit feedback."
"General-Purpose Machine Learning","Crab","https://github.com/muricoca/crab","Crab - A flexible, fast recommender engine. [Deprecated]"
"General-Purpose Machine Learning","python-recsys","https://github.com/ocelma/python-recsys","python-recsys - A Python library for implementing a Recommender System."
"General-Purpose Machine Learning","thinking bayes","https://github.com/AllenDowney/ThinkBayes","thinking bayes - Book on Bayesian Analysis."
"General-Purpose Machine Learning","Image-to-Image Translation with Conditional Adversarial Networks","https://github.com/williamFalcon/pix2pix-keras","Image-to-Image Translation with Conditional Adversarial Networks - Implementation of image to image (pix2pix) translation from the paper by isola et al.[DEEP LEARNING]"
"General-Purpose Machine Learning","Restricted Boltzmann Machines","https://github.com/echen/restricted-boltzmann-machines","Restricted Boltzmann Machines -Restricted Boltzmann Machines in Python. [DEEP LEARNING]"
"General-Purpose Machine Learning","Bolt","https://github.com/pprett/bolt","Bolt - Bolt Online Learning Toolbox. [Deprecated]"
"General-Purpose Machine Learning","CoverTree","https://github.com/patvarilly/CoverTree","CoverTree - Python implementation of cover trees, near-drop-in replacement for scipy.spatial.kdtree [Deprecated]"
"General-Purpose Machine Learning","nilearn","https://github.com/nilearn/nilearn","nilearn - Machine learning for NeuroImaging in Python."
"General-Purpose Machine Learning","neuropredict","https://github.com/raamana/neuropredict","neuropredict - Aimed at novice machine learners and non-expert programmers, this package offers easy (no coding needed) and comprehensive machine learning (evaluation and full report of predictive performance WITHOUT requiring you to code) in Python for NeuroImaging and any other type of features. This is aimed at absorbing much of the ML workflow, unlike other packages like nilearn and pymvpa, which require you to learn their API and code to produce anything useful."
"General-Purpose Machine Learning","imbalanced-learn","https://imbalanced-learn.org/stable/","imbalanced-learn - Python module to perform under sampling and oversampling with various techniques."
"General-Purpose Machine Learning","imbalanced-ensemble","https://github.com/ZhiningLiu1998/imbalanced-ensemble","imbalanced-ensemble - Python toolbox for quick implementation, modification, evaluation, and visualization of ensemble learning algorithms for class-imbalanced data. Supports out-of-the-box multi-class imbalanced (long-tailed) classification."
"General-Purpose Machine Learning","Shogun","https://github.com/shogun-toolbox/shogun","Shogun - The Shogun Machine Learning Toolbox."
"General-Purpose Machine Learning","Pyevolve","https://github.com/perone/Pyevolve","Pyevolve - Genetic algorithm framework. [Deprecated]"
"General-Purpose Machine Learning","Caffe","https://github.com/BVLC/caffe","Caffe - A deep learning framework developed with cleanliness, readability, and speed in mind."
"General-Purpose Machine Learning","breze","https://github.com/breze-no-salt/breze","breze - Theano based library for deep and recurrent neural networks."
"General-Purpose Machine Learning","Cortex","https://github.com/cortexlabs/cortex","Cortex - Open source platform for deploying machine learning models in production."
"General-Purpose Machine Learning","pyhsmm","https://github.com/mattjj/pyhsmm","pyhsmm - library for approximate unsupervised inference in Bayesian Hidden Markov Models (HMMs) and explicit-duration Hidden semi-Markov Models (HSMMs), focusing on the Bayesian Nonparametric extensions, the HDP-HMM and HDP-HSMM, mostly with weak-limit approximations."
"General-Purpose Machine Learning","SKLL","https://github.com/EducationalTestingService/skll","SKLL - A wrapper around scikit-learn that makes it simpler to conduct experiments."
"General-Purpose Machine Learning","neurolab","https://github.com/zueve/neurolab","neurolab"
"General-Purpose Machine Learning","Spearmint","https://github.com/HIPS/Spearmint","Spearmint - Spearmint is a package to perform Bayesian optimization according to the algorithms outlined in the paper: Practical Bayesian Optimization of Machine Learning Algorithms. Jasper Snoek, Hugo Larochelle and Ryan P. Adams. Advances in Neural Information Processing Systems, 2012. [Deprecated]"
"General-Purpose Machine Learning","Pebl","https://github.com/abhik/pebl/","Pebl - Python Environment for Bayesian Learning. [Deprecated]"
"General-Purpose Machine Learning","Theano","https://github.com/Theano/Theano/","Theano - Optimizing GPU-meta-programming code generating array oriented optimizing math compiler in Python."
"General-Purpose Machine Learning","TensorFlow","https://github.com/tensorflow/tensorflow/","TensorFlow - Open source software library for numerical computation using data flow graphs."
"General-Purpose Machine Learning","pomegranate","https://github.com/jmschrei/pomegranate","pomegranate - Hidden Markov Models for Python, implemented in Cython for speed and efficiency."
"General-Purpose Machine Learning","python-timbl","https://github.com/proycon/python-timbl","python-timbl - A Python extension module wrapping the full TiMBL C++ programming interface. Timbl is an elaborate k-Nearest Neighbours machine learning toolkit."
"General-Purpose Machine Learning","deap","https://github.com/deap/deap","deap - Evolutionary algorithm framework."
"General-Purpose Machine Learning","pydeep","https://github.com/andersbll/deeppy","pydeep - Deep Learning In Python. [Deprecated]"
"General-Purpose Machine Learning","mlxtend","https://github.com/rasbt/mlxtend","mlxtend - A library consisting of useful tools for data science and machine learning tasks."
"General-Purpose Machine Learning","neon","https://github.com/NervanaSystems/neon","neon - Nervana's high-performance Python-based Deep Learning framework [DEEP LEARNING]. [Deprecated]"
"General-Purpose Machine Learning","Optunity","https://optunity.readthedocs.io/en/latest/","Optunity - A library dedicated to automated hyperparameter optimization with a simple, lightweight API to facilitate drop-in replacement of grid search."
"General-Purpose Machine Learning","Neural Networks and Deep Learning","https://github.com/mnielsen/neural-networks-and-deep-learning","Neural Networks and Deep Learning - Code samples for my book ""Neural Networks and Deep Learning"" [DEEP LEARNING]."
"General-Purpose Machine Learning","Annoy","https://github.com/spotify/annoy","Annoy - Approximate nearest neighbours implementation."
"General-Purpose Machine Learning","TPOT","https://github.com/EpistasisLab/tpot","TPOT - Tool that automatically creates and optimizes machine learning pipelines using genetic programming. Consider it your personal data science assistant, automating a tedious part of machine learning."
"General-Purpose Machine Learning","pgmpy","https://github.com/pgmpy/pgmpy","pgmpy A python library for working with Probabilistic Graphical Models."
"General-Purpose Machine Learning","DIGITS","https://github.com/NVIDIA/DIGITS","DIGITS - The Deep Learning GPU Training System (DIGITS) is a web application for training deep learning models."
"General-Purpose Machine Learning","Orange","https://orange.biolab.si/","Orange - Open source data visualization and data analysis for novices and experts."
"General-Purpose Machine Learning","MXNet","https://github.com/apache/incubator-mxnet","MXNet - Lightweight, Portable, Flexible Distributed/Mobile Deep Learning with Dynamic, Mutation-aware Dataflow Dep Scheduler; for Python, R, Julia, Go, JavaScript and more."
"General-Purpose Machine Learning","milk","https://github.com/luispedro/milk","milk - Machine learning toolkit focused on supervised classification. [Deprecated]"
"General-Purpose Machine Learning","TFLearn","https://github.com/tflearn/tflearn","TFLearn - Deep learning library featuring a higher-level API for TensorFlow."
"General-Purpose Machine Learning","REP","https://github.com/yandex/rep","REP - an IPython-based environment for conducting data-driven research in a consistent and reproducible way. REP is not trying to substitute scikit-learn, but extends it and provides better user experience. [Deprecated]"
"General-Purpose Machine Learning","rgf_python","https://github.com/RGF-team/rgf","rgf_python - Python bindings for Regularized Greedy Forest (Tree) Library."
"General-Purpose Machine Learning","skbayes","https://github.com/AmazaspShumik/sklearn-bayes","skbayes - Python package for Bayesian Machine Learning with scikit-learn API."
"General-Purpose Machine Learning","fuku-ml","https://github.com/fukuball/fuku-ml","fuku-ml - Simple machine learning library, including Perceptron, Regression, Support Vector Machine, Decision Tree and more, it's easy to use and easy to learn for beginners."
"General-Purpose Machine Learning","Xcessiv","https://github.com/reiinakano/xcessiv","Xcessiv - A web-based application for quick, scalable, and automated hyperparameter tuning and stacked ensembling."
"General-Purpose Machine Learning","PyTorch","https://github.com/pytorch/pytorch","PyTorch - Tensors and Dynamic neural networks in Python with strong GPU acceleration"
"General-Purpose Machine Learning","PyTorch Lightning","https://github.com/PyTorchLightning/pytorch-lightning","PyTorch Lightning - The lightweight PyTorch wrapper for high-performance AI research."
"General-Purpose Machine Learning","PyTorch Lightning Bolts","https://github.com/PyTorchLightning/pytorch-lightning-bolts","PyTorch Lightning Bolts - Toolbox of models, callbacks, and datasets for AI/ML researchers."
"General-Purpose Machine Learning","skorch","https://github.com/skorch-dev/skorch","skorch - A scikit-learn compatible neural network library that wraps PyTorch."
"General-Purpose Machine Learning","ML-From-Scratch","https://github.com/eriklindernoren/ML-From-Scratch","ML-From-Scratch - Implementations of Machine Learning models from scratch in Python with a focus on transparency. Aims to showcase the nuts and bolts of ML in an accessible way."
"General-Purpose Machine Learning","Edward","http://edwardlib.org/","Edward - A library for probabilistic modelling, inference, and criticism. Built on top of TensorFlow."
"General-Purpose Machine Learning","xRBM","https://github.com/omimo/xRBM","xRBM - A library for Restricted Boltzmann Machine (RBM) and its conditional variants in Tensorflow."
"General-Purpose Machine Learning","CatBoost","https://github.com/catboost/catboost","CatBoost - General purpose gradient boosting on decision trees library with categorical features support out of the box. It is easy to install, well documented and supports CPU and GPU (even multi-GPU) computation."
"General-Purpose Machine Learning","stacked_generalization","https://github.com/fukatani/stacked_generalization","stacked_generalization - Implementation of machine learning stacking technique as a handy library in Python."
"General-Purpose Machine Learning","modAL","https://github.com/modAL-python/modAL","modAL - A modular active learning framework for Python, built on top of scikit-learn."
"General-Purpose Machine Learning","Cogitare","https://github.com/cogitare-ai/cogitare","Cogitare: A Modern, Fast, and Modular Deep Learning and Machine Learning framework for Python."
"General-Purpose Machine Learning","Parris","https://github.com/jgreenemi/Parris","Parris - Parris, the automated infrastructure setup tool for machine learning algorithms."
"General-Purpose Machine Learning","neonrvm","https://github.com/siavashserver/neonrvm","neonrvm - neonrvm is an open source machine learning library based on RVM technique. It's written in C programming language and comes with Python programming language bindings."
"General-Purpose Machine Learning","Turi Create","https://github.com/apple/turicreate","Turi Create - Machine learning from Apple. Turi Create simplifies the development of custom machine learning models. You don't have to be a machine learning expert to add recommendations, object detection, image classification, image similarity or activity classification to your app."
"General-Purpose Machine Learning","xLearn","https://github.com/aksnzhy/xlearn","xLearn - A high performance, easy-to-use, and scalable machine learning package, which can be used to solve large-scale machine learning problems. xLearn is especially useful for solving machine learning problems on large-scale sparse data, which is very common in Internet services such as online advertisement and recommender systems."
"General-Purpose Machine Learning","mlens","https://github.com/flennerhag/mlens","mlens - A high performance, memory efficient, maximally parallelized ensemble learning, integrated with scikit-learn."
"General-Purpose Machine Learning","Thampi","https://github.com/scoremedia/thampi","Thampi - Machine Learning Prediction System on AWS Lambda"
"General-Purpose Machine Learning","MindsDB","https://github.com/mindsdb/mindsdb","MindsDB - Open Source framework to streamline use of neural networks."
"General-Purpose Machine Learning","Microsoft Recommenders","https://github.com/Microsoft/Recommenders","Microsoft Recommenders: Examples and best practices for building recommendation systems, provided as Jupyter notebooks. The repo contains some of the latest state of the art algorithms from Microsoft Research as well as from other companies and institutions."
"General-Purpose Machine Learning","StellarGraph","https://github.com/stellargraph/stellargraph","StellarGraph: Machine Learning on Graphs, a Python library for machine learning on graph-structured (network-structured) data."
"General-Purpose Machine Learning","BentoML","https://github.com/bentoml/bentoml","BentoML: Toolkit for package and deploy machine learning models for serving in production"
"General-Purpose Machine Learning","MiraiML","https://github.com/arthurpaulino/miraiml","MiraiML: An asynchronous engine for continuous & autonomous machine learning, built for real-time usage."
"General-Purpose Machine Learning","numpy-ML","https://github.com/ddbourgin/numpy-ml","numpy-ML: Reference implementations of ML models written in numpy"
"General-Purpose Machine Learning","Neuraxle","https://github.com/Neuraxio/Neuraxle","Neuraxle: A framework providing the right abstractions to ease research, development, and deployment of your ML pipelines."
"General-Purpose Machine Learning","Cornac","https://github.com/PreferredAI/cornac","Cornac - A comparative framework for multimodal recommender systems with a focus on models leveraging auxiliary data."
"General-Purpose Machine Learning","JAX","https://github.com/google/jax","JAX - JAX is Autograd and XLA, brought together for high-performance machine learning research."
"General-Purpose Machine Learning","Catalyst","https://github.com/catalyst-team/catalyst","Catalyst - High-level utils for PyTorch DL & RL research. It was developed with a focus on reproducibility, fast experimentation and code/ideas reusing. Being able to research/develop something new, rather than write another regular train loop."
"General-Purpose Machine Learning","Fastai","https://github.com/fastai/fastai","Fastai - High-level wrapper built on the top of Pytorch which supports vision, text, tabular data and collaborative filtering."
"General-Purpose Machine Learning","scikit-multiflow","https://github.com/scikit-multiflow/scikit-multiflow","scikit-multiflow - A machine learning framework for multi-output/multi-label and stream data."
"General-Purpose Machine Learning","Lightwood","https://github.com/mindsdb/lightwood","Lightwood - A Pytorch based framework that breaks down machine learning problems into smaller blocks that can be glued together seamlessly with objective to build predictive models with one line of code."
"General-Purpose Machine Learning","bayeso","https://github.com/jungtaekkim/bayeso","bayeso - A simple, but essential Bayesian optimization package, written in Python."
"General-Purpose Machine Learning","mljar-supervised","https://github.com/mljar/mljar-supervised","mljar-supervised - An Automated Machine Learning (AutoML) python package for tabular data. It can handle: Binary Classification, MultiClass Classification and Regression. It provides explanations and markdown reports."
"General-Purpose Machine Learning","evostra","https://github.com/alirezamika/evostra","evostra - A fast Evolution Strategy implementation in Python."
"General-Purpose Machine Learning","Determined","https://github.com/determined-ai/determined","Determined - Scalable deep learning training platform, including integrated support for distributed training, hyperparameter tuning, experiment tracking, and model management."
"General-Purpose Machine Learning","PySyft","https://github.com/OpenMined/PySyft","PySyft - A Python library for secure and private Deep Learning built on PyTorch and TensorFlow."
"General-Purpose Machine Learning","PyGrid","https://github.com/OpenMined/PyGrid/","PyGrid - Peer-to-peer network of data owners and data scientists who can collectively train AI models using PySyft"
"General-Purpose Machine Learning","sktime","https://github.com/alan-turing-institute/sktime","sktime - A unified framework for machine learning with time series"
"General-Purpose Machine Learning","OPFython","https://github.com/gugarosa/opfython","OPFython - A Python-inspired implementation of the Optimum-Path Forest classifier."
"General-Purpose Machine Learning","Opytimizer","https://github.com/gugarosa/opytimizer","Opytimizer - Python-based meta-heuristic optimization techniques."
"General-Purpose Machine Learning","Gradio","https://github.com/gradio-app/gradio","Gradio - A Python library for quickly creating and sharing demos of models. Debug models interactively in your browser, get feedback from collaborators, and generate public links without deploying anything."
"General-Purpose Machine Learning","Hub","https://github.com/activeloopai/Hub","Hub - Fastest unstructured dataset management for TensorFlow/PyTorch. Stream & version-control data. Store even petabyte-scale data in a single numpy-like array on the cloud accessible on any machine. Visit activeloop.ai for more info."
"General-Purpose Machine Learning","Synthia","https://github.com/dmey/synthia","Synthia - Multidimensional synthetic data generation in Python."
"General-Purpose Machine Learning","ByteHub","https://github.com/bytehub-ai/bytehub","ByteHub - An easy-to-use, Python-based feature store. Optimized for time-series data."
"General-Purpose Machine Learning","Backprop","https://github.com/backprop-ai/backprop","Backprop - Backprop makes it simple to use, finetune, and deploy state-of-the-art ML models."
"General-Purpose Machine Learning","River","https://github.com/online-ml/river","River: A framework for general purpose online machine learning."
"General-Purpose Machine Learning","FEDOT","https://github.com/nccr-itmo/FEDOT","FEDOT: An AutoML framework for the automated design of composite modelling pipelines. It can handle classification, regression, and time series forecasting tasks on different types of data (including multi-modal datasets)."
"General-Purpose Machine Learning","Sklearn-genetic-opt","https://github.com/rodrigo-arenas/Sklearn-genetic-opt","Sklearn-genetic-opt: An AutoML package for hyperparameters tuning using evolutionary algorithms, with built-in callbacks, plotting, remote logging and more."
"General-Purpose Machine Learning","Evidently","https://github.com/evidentlyai/evidently","Evidently: Interactive reports to analyze machine learning models during validation or production monitoring."
"General-Purpose Machine Learning","Streamlit","https://github.com/streamlit/streamlit","Streamlit: Streamlit is an framework to create beautiful data apps in hours, not weeks."
"General-Purpose Machine Learning","Optuna","https://github.com/optuna/optuna","Optuna: Optuna is an automatic hyperparameter optimization software framework, particularly designed for machine learning."
"General-Purpose Machine Learning","Deepchecks","https://github.com/deepchecks/deepchecks","Deepchecks: Validation & testing of machine learning models and data during model development, deployment, and production. This includes checks and suites related to various types of issues, such as model performance, data integrity, distribution mismatches, and more."
"General-Purpose Machine Learning","Shapash","https://github.com/MAIF/shapash","Shapash : Shapash is a Python library that provides several types of visualization that display explicit labels that everyone can understand."
"General-Purpose Machine Learning","Eurybia","https://github.com/MAIF/eurybia","Eurybia: Eurybia monitors data and model drift over time and securizes model deployment with data validation."
"General-Purpose Machine Learning","Colossal-AI","https://github.com/hpcaitech/ColossalAI","Colossal-AI: An open-source deep learning system for large-scale model training and inference with high efficiency and low cost."
"General-Purpose Machine Learning","dirty_cat","https://github.com/dirty-cat/dirty_cat","dirty_cat - facilitates machine-learning on dirty, non-curated categories. It provides transformers and encoders robust to morphological variants, such as typos."
"General-Purpose Machine Learning","Upgini","https://github.com/upgini/upgini","Upgini: Free automated data & feature enrichment library for machine learning - automatically searches through thousands of ready-to-use features from public and community shared data sources and enriches your training dataset with only the accuracy improving features."
"General-Purpose Machine Learning","AutoML-Implementation-for-Static-and-Dynamic-Data-Analytics","https://github.com/Western-OC2-Lab/AutoML-Implementation-for-Static-and-Dynamic-Data-Analytics","AutoML-Implementation-for-Static-and-Dynamic-Data-Analytics: A tutorial to help machine learning researchers to automatically obtain optimized machine learning models with the optimal learning performance on any specific task."
"General-Purpose Machine Learning","SKBEL","https://github.com/robinthibaut/skbel","SKBEL: A Python library for Bayesian Evidential Learning (BEL) in order to estimate the uncertainty of a prediction."
"General-Purpose Machine Learning","NannyML","https://bit.ly/nannyml-github-machinelearning","NannyML: Python library capable of fully capturing the impact of data drift on performance. Allows estimation of post-deployment model performance without access to targets."
"Data Analysis / Data Visualization","DataVisualization","https://github.com/Shanky-21/Data_visualization","DataVisualization - A GitHub Repository Where you can Learn Datavisualizatoin Basics to Intermediate level."
"Data Analysis / Data Visualization","Cartopy","https://scitools.org.uk/cartopy/docs/latest/","Cartopy - Cartopy is a Python package designed for geospatial data processing in order to produce maps and other geospatial data analyses."
"Data Analysis / Data Visualization","SciPy","https://www.scipy.org/","SciPy - A Python-based ecosystem of open-source software for mathematics, science, and engineering."
"Data Analysis / Data Visualization","NumPy","https://www.numpy.org/","NumPy - A fundamental package for scientific computing with Python."
"Data Analysis / Data Visualization","AutoViz","https://github.com/AutoViML/AutoViz","AutoViz AutoViz performs automatic visualization of any dataset with a single line of Python code. Give it any input file (CSV, txt or JSON) of any size and AutoViz will visualize it. See Medium article."
"Data Analysis / Data Visualization","Numba","https://numba.pydata.org/","Numba - Python JIT (just in time) compiler to LLVM aimed at scientific Python by the developers of Cython and NumPy."
"Data Analysis / Data Visualization","Mars","https://github.com/mars-project/mars","Mars - A tensor-based framework for large-scale data computation which is often regarded as a parallel and distributed version of NumPy."
"Data Analysis / Data Visualization","NetworkX","https://networkx.github.io/","NetworkX - A high-productivity software for complex networks."
"Data Analysis / Data Visualization","igraph","https://igraph.org/python/","igraph - binding to igraph library - General purpose graph library."
"Data Analysis / Data Visualization","Pandas","https://pandas.pydata.org/","Pandas - A library providing high-performance, easy-to-use data structures and data analysis tools."
"Data Analysis / Data Visualization","ParaMonte","https://github.com/cdslaborg/paramonte","ParaMonte - A general-purpose Python library for Bayesian data analysis and visualization via serial/parallel Monte Carlo and MCMC simulations. Documentation can be found here."
"Data Analysis / Data Visualization","Vaex","https://github.com/vaexio/vaex","Vaex - A high performance Python library for lazy Out-of-Core DataFrames (similar to Pandas), to visualize and explore big tabular datasets. Documentation can be found here."
"Data Analysis / Data Visualization","Open Mining","https://github.com/mining/mining","Open Mining - Business Intelligence (BI) in Python (Pandas web interface) [Deprecated]"
"Data Analysis / Data Visualization","PyMC","https://github.com/pymc-devs/pymc","PyMC - Markov Chain Monte Carlo sampling toolkit."
"Data Analysis / Data Visualization","zipline","https://github.com/quantopian/zipline","zipline - A Pythonic algorithmic trading library."
"Data Analysis / Data Visualization","PyDy","https://www.pydy.org/","PyDy - Short for Python Dynamics, used to assist with workflow in the modelling of dynamic motion based around NumPy, SciPy, IPython, and matplotlib."
"Data Analysis / Data Visualization","SymPy","https://github.com/sympy/sympy","SymPy - A Python library for symbolic mathematics."
"Data Analysis / Data Visualization","statsmodels","https://github.com/statsmodels/statsmodels","statsmodels - Statistical modelling and econometrics in Python."
"Data Analysis / Data Visualization","astropy","https://www.astropy.org/","astropy - A community Python library for Astronomy."
"Data Analysis / Data Visualization","matplotlib","https://matplotlib.org/","matplotlib - A Python 2D plotting library."
"Data Analysis / Data Visualization","bokeh","https://github.com/bokeh/bokeh","bokeh - Interactive Web Plotting for Python."
"Data Analysis / Data Visualization","plotly","https://plot.ly/python/","plotly - Collaborative web plotting for Python and matplotlib."
"Data Analysis / Data Visualization","altair","https://github.com/altair-viz/altair","altair - A Python to Vega translator."
"Data Analysis / Data Visualization","d3py","https://github.com/mikedewar/d3py","d3py - A plotting library for Python, based on D3.js."
"Data Analysis / Data Visualization","PyDexter","https://github.com/D3xterjs/pydexter","PyDexter - Simple plotting for Python. Wrapper for D3xterjs; easily render charts in-browser."
"Data Analysis / Data Visualization","ggplot","https://github.com/yhat/ggpy","ggplot - Same API as ggplot2 for R. [Deprecated]"
"Data Analysis / Data Visualization","ggfortify","https://github.com/sinhrks/ggfortify","ggfortify - Unified interface to ggplot2 popular R packages."
"Data Analysis / Data Visualization","Kartograph.py","https://github.com/kartograph/kartograph.py","Kartograph.py - Rendering beautiful SVG maps in Python."
"Data Analysis / Data Visualization","pygal","http://pygal.org/en/stable/","pygal - A Python SVG Charts Creator."
"Data Analysis / Data Visualization","PyQtGraph","https://github.com/pyqtgraph/pyqtgraph","PyQtGraph - A pure-python graphics and GUI library built on PyQt4 / PySide and NumPy."
"Data Analysis / Data Visualization","pycascading","https://github.com/twitter/pycascading","pycascading [Deprecated]"
"Data Analysis / Data Visualization","Petrel","https://github.com/AirSage/Petrel","Petrel - Tools for writing, submitting, debugging, and monitoring Storm topologies in pure Python."
"Data Analysis / Data Visualization","Blaze","https://github.com/blaze/blaze","Blaze - NumPy and Pandas interface to Big Data."
"Data Analysis / Data Visualization","emcee","https://github.com/dfm/emcee","emcee - The Python ensemble sampling toolkit for affine-invariant MCMC."
"Data Analysis / Data Visualization","windML","https://github.com/cigroup-ol/windml","windML - A Python Framework for Wind Energy Analysis and Prediction."
"Data Analysis / Data Visualization","vispy","https://github.com/vispy/vispy","vispy - GPU-based high-performance interactive OpenGL 2D/3D data visualization library."
"Data Analysis / Data Visualization","cerebro2","https://github.com/numenta/nupic.cerebro2","cerebro2 A web-based visualization and debugging platform for NuPIC. [Deprecated]"
"Data Analysis / Data Visualization","NuPIC Studio","https://github.com/htm-community/nupic.studio","NuPIC Studio An all-in-one NuPIC Hierarchical Temporal Memory visualization and debugging super-tool! [Deprecated]"
"Data Analysis / Data Visualization","SparklingPandas","https://github.com/sparklingpandas/sparklingpandas","SparklingPandas Pandas on PySpark (POPS)."
"Data Analysis / Data Visualization","Seaborn","https://seaborn.pydata.org/","Seaborn - A python visualization library based on matplotlib."
"Data Analysis / Data Visualization","ipychart","https://github.com/nicohlr/ipychart","ipychart - The power of Chart.js in Jupyter Notebook."
"Data Analysis / Data Visualization","bqplot","https://github.com/bloomberg/bqplot","bqplot - An API for plotting in Jupyter (IPython)."
"Data Analysis / Data Visualization","pastalog","https://github.com/rewonc/pastalog","pastalog - Simple, realtime visualization of neural network training performance."
"Data Analysis / Data Visualization","Superset","https://github.com/apache/incubator-superset","Superset - A data exploration platform designed to be visual, intuitive, and interactive."
"Data Analysis / Data Visualization","Dora","https://github.com/nathanepstein/dora","Dora - Tools for exploratory data analysis in Python."
"Data Analysis / Data Visualization","Ruffus","http://www.ruffus.org.uk","Ruffus - Computation Pipeline library for python."
"Data Analysis / Data Visualization","SOMPY","https://github.com/sevamoo/SOMPY","SOMPY - Self Organizing Map written in Python (Uses neural networks for data analysis)."
"Data Analysis / Data Visualization","somoclu","https://github.com/peterwittek/somoclu","somoclu Massively parallel self-organizing maps: accelerate training on multicore CPUs, GPUs, and clusters, has python API."
"Data Analysis / Data Visualization","HDBScan","https://github.com/lmcinnes/hdbscan","HDBScan - implementation of the hdbscan algorithm in Python - used for clustering"
"Data Analysis / Data Visualization","visualize_ML","https://github.com/ayush1997/visualize_ML","visualize_ML - A python package for data exploration and data analysis. [Deprecated]"
"Data Analysis / Data Visualization","scikit-plot","https://github.com/reiinakano/scikit-plot","scikit-plot - A visualization library for quick and easy generation of common plots in data analysis and machine learning."
"Data Analysis / Data Visualization","Bowtie","https://github.com/jwkvam/bowtie","Bowtie - A dashboard library for interactive visualizations using flask socketio and react."
"Data Analysis / Data Visualization","lime","https://github.com/marcotcr/lime","lime - Lime is about explaining what machine learning classifiers (or models) are doing. It is able to explain any black box classifier, with two or more classes."
"Data Analysis / Data Visualization","PyCM","https://github.com/sepandhaghighi/pycm","PyCM - PyCM is a multi-class confusion matrix library written in Python that supports both input data vectors and direct matrix, and a proper tool for post-classification model evaluation that supports most classes and overall statistics parameters"
"Data Analysis / Data Visualization","Dash","https://github.com/plotly/dash","Dash - A framework for creating analytical web applications built on top of Plotly.js, React, and Flask"
"Data Analysis / Data Visualization","Lambdo","https://github.com/asavinov/lambdo","Lambdo - A workflow engine for solving machine learning problems by combining in one analysis pipeline (i) feature engineering and machine learning (ii) model training and prediction (iii) table population and column evaluation via user-defined (Python) functions."
"Data Analysis / Data Visualization","TensorWatch","https://github.com/microsoft/tensorwatch","TensorWatch - Debugging and visualization tool for machine learning and data science. It extensively leverages Jupyter Notebook to show real-time visualizations of data in running processes such as machine learning training."
"Data Analysis / Data Visualization","dowel","https://github.com/rlworkgroup/dowel","dowel - A little logger for machine learning research. Output any object to the terminal, CSV, TensorBoard, text logs on disk, and more with just one call to logger.log()."
"Misc Scripts / iPython Notebooks / Codebases","MiniGrad","https://github.com/kennysong/minigrad","MiniGrad – A minimal, educational, Pythonic implementation of autograd (~100 loc)."
"Misc Scripts / iPython Notebooks / Codebases","Map/Reduce implementations of common ML algorithms","https://github.com/Yannael/BigDataAnalytics_INFOH515","Map/Reduce implementations of common ML algorithms: Jupyter notebooks that cover how to implement from scratch different ML algorithms (ordinary least squares, gradient descent, k-means, alternating least squares), using Python NumPy, and how to then make these implementations scalable using Map/Reduce and Spark."
"Misc Scripts / iPython Notebooks / Codebases","BioPy","https://github.com/jaredthecoder/BioPy","BioPy - Biologically-Inspired and Machine Learning Algorithms in Python. [Deprecated]"
"Misc Scripts / iPython Notebooks / Codebases","CAEs for Data Assimilation","https://github.com/julianmack/Data_Assimilation","CAEs for Data Assimilation - Convolutional autoencoders for 3D image/field compression applied to reduced order Data Assimilation."
"Misc Scripts / iPython Notebooks / Codebases","handsonml","https://github.com/ageron/handson-ml","handsonml - Fundamentals of machine learning in python."
"Misc Scripts / iPython Notebooks / Codebases","SVM Explorer","https://github.com/plotly/dash-svm","SVM Explorer - Interactive SVM Explorer, using Dash and scikit-learn"
"Misc Scripts / iPython Notebooks / Codebases","pattern_classification","https://github.com/rasbt/pattern_classification","pattern_classification"
"Misc Scripts / iPython Notebooks / Codebases","thinking stats 2","https://github.com/Wavelets/ThinkStats2","thinking stats 2"
"Misc Scripts / iPython Notebooks / Codebases","hyperopt","https://github.com/hyperopt/hyperopt-sklearn","hyperopt"
"Misc Scripts / iPython Notebooks / Codebases","numpic","https://github.com/numenta/nupic","numpic"
"Misc Scripts / iPython Notebooks / Codebases","2012-paper-diginorm","https://github.com/dib-lab/2012-paper-diginorm","2012-paper-diginorm"
"Misc Scripts / iPython Notebooks / Codebases","A gallery of interesting IPython notebooks","https://github.com/jupyter/jupyter/wiki/A-gallery-of-interesting-Jupyter-Notebooks","A gallery of interesting IPython notebooks"
"Misc Scripts / iPython Notebooks / Codebases","ipython-notebooks","https://github.com/ogrisel/notebooks","ipython-notebooks"
"Misc Scripts / iPython Notebooks / Codebases","data-science-ipython-notebooks","https://github.com/donnemartin/data-science-ipython-notebooks","data-science-ipython-notebooks - Continually updated Data Science Python Notebooks: Spark, Hadoop MapReduce, HDFS, AWS, Kaggle, scikit-learn, matplotlib, pandas, NumPy, SciPy, and various command lines."
"Misc Scripts / iPython Notebooks / Codebases","decision-weights","https://github.com/CamDavidsonPilon/decision-weights","decision-weights"
"Misc Scripts / iPython Notebooks / Codebases","Sarah Palin LDA","https://github.com/Wavelets/sarah-palin-lda","Sarah Palin LDA - Topic Modelling the Sarah Palin emails."
"Misc Scripts / iPython Notebooks / Codebases","Diffusion Segmentation","https://github.com/Wavelets/diffusion-segmentation","Diffusion Segmentation - A collection of image segmentation algorithms based on diffusion methods."
"Misc Scripts / iPython Notebooks / Codebases","Scipy Tutorials","https://github.com/Wavelets/scipy-tutorials","Scipy Tutorials - SciPy tutorials. This is outdated, check out scipy-lecture-notes."
"Misc Scripts / iPython Notebooks / Codebases","Crab","https://github.com/marcelcaraciolo/crab","Crab - A recommendation engine library for Python."
"Misc Scripts / iPython Notebooks / Codebases","BayesPy","https://github.com/maxsklar/BayesPy","BayesPy - Bayesian Inference Tools in Python."
"Misc Scripts / iPython Notebooks / Codebases","scikit-learn tutorials","https://github.com/GaelVaroquaux/scikit-learn-tutorial","scikit-learn tutorials - Series of notebooks for learning scikit-learn."
"Misc Scripts / iPython Notebooks / Codebases","sentiment-analyzer","https://github.com/madhusudancs/sentiment-analyzer","sentiment-analyzer - Tweets Sentiment Analyzer"
"Misc Scripts / iPython Notebooks / Codebases","sentiment_classifier","https://github.com/kevincobain2000/sentiment_classifier","sentiment_classifier - Sentiment classifier using word sense disambiguation."
"Misc Scripts / iPython Notebooks / Codebases","group-lasso","https://github.com/fabianp/group_lasso","group-lasso - Some experiments with the coordinate descent algorithm used in the (Sparse) Group Lasso model."
"Misc Scripts / iPython Notebooks / Codebases","jProcessing","https://github.com/kevincobain2000/jProcessing","jProcessing - Kanji / Hiragana / Katakana to Romaji Converter. Edict Dictionary & parallel sentences Search. Sentence Similarity between two JP Sentences. Sentiment Analysis of Japanese Text. Run Cabocha(ISO--8859-1 configured) in Python."
"Misc Scripts / iPython Notebooks / Codebases","mne-python-notebooks","https://github.com/mne-tools/mne-python-notebooks","mne-python-notebooks - IPython notebooks for EEG/MEG data processing using mne-python."
"Misc Scripts / iPython Notebooks / Codebases","Neon Course","https://github.com/NervanaSystems/neon_course","Neon Course - IPython notebooks for a complete course around understanding Nervana's Neon."
"Misc Scripts / iPython Notebooks / Codebases","pandas cookbook","https://github.com/jvns/pandas-cookbook","pandas cookbook - Recipes for using Python's pandas library."
"Misc Scripts / iPython Notebooks / Codebases","climin","https://github.com/BRML/climin","climin - Optimization library focused on machine learning, pythonic implementations of gradient descent, LBFGS, rmsprop, adadelta and others."
"Misc Scripts / iPython Notebooks / Codebases","Allen Downey’s Data Science Course","https://github.com/AllenDowney/DataScience","Allen Downey’s Data Science Course - Code for Data Science at Olin College, Spring 2014."
"Misc Scripts / iPython Notebooks / Codebases","Allen Downey’s Think Bayes Code","https://github.com/AllenDowney/ThinkBayes","Allen Downey’s Think Bayes Code - Code repository for Think Bayes."
"Misc Scripts / iPython Notebooks / Codebases","Allen Downey’s Think Complexity Code","https://github.com/AllenDowney/ThinkComplexity","Allen Downey’s Think Complexity Code - Code for Allen Downey's book Think Complexity."
"Misc Scripts / iPython Notebooks / Codebases","Allen Downey’s Think OS Code","https://github.com/AllenDowney/ThinkOS","Allen Downey’s Think OS Code - Text and supporting code for Think OS: A Brief Introduction to Operating Systems."
"Misc Scripts / iPython Notebooks / Codebases","Python Programming for the Humanities","https://www.karsdorp.io/python-course/","Python Programming for the Humanities - Course for Python programming for the Humanities, assuming no prior knowledge. Heavy focus on text processing / NLP."
"Misc Scripts / iPython Notebooks / Codebases","GreatCircle","https://github.com/mwgg/GreatCircle","GreatCircle - Library for calculating great circle distance."
"Misc Scripts / iPython Notebooks / Codebases","Optunity examples","http://optunity.readthedocs.io/en/latest/notebooks/index.html","Optunity examples - Examples demonstrating how to use Optunity in synergy with machine learning libraries."
"Misc Scripts / iPython Notebooks / Codebases","Dive into Machine Learning  with Python Jupyter notebook and scikit-learn","https://github.com/hangtwenty/dive-into-machine-learning","Dive into Machine Learning  with Python Jupyter notebook and scikit-learn - ""I learned Python by hacking first, and getting serious later. I wanted to do this with Machine Learning. If this is your style, join me in getting a bit ahead of yourself."""
"Misc Scripts / iPython Notebooks / Codebases","TDB","https://github.com/ericjang/tdb","TDB - TensorDebugger (TDB) is a visual debugger for deep learning. It features interactive, node-by-node debugging and visualization for TensorFlow."
"Misc Scripts / iPython Notebooks / Codebases","Suiron","https://github.com/kendricktan/suiron/","Suiron - Machine Learning for RC Cars."
"Misc Scripts / iPython Notebooks / Codebases","Introduction to machine learning with scikit-learn","https://github.com/justmarkham/scikit-learn-videos","Introduction to machine learning with scikit-learn - IPython notebooks from Data School's video tutorials on scikit-learn."
"Misc Scripts / iPython Notebooks / Codebases","Practical XGBoost in Python","https://parrotprediction.teachable.com/p/practical-xgboost-in-python","Practical XGBoost in Python - comprehensive online course about using XGBoost in Python."
"Misc Scripts / iPython Notebooks / Codebases","Introduction to Machine Learning with Python","https://github.com/amueller/introduction_to_ml_with_python","Introduction to Machine Learning with Python - Notebooks and code for the book ""Introduction to Machine Learning with Python"""
"Misc Scripts / iPython Notebooks / Codebases","Pydata book","https://github.com/wesm/pydata-book","Pydata book - Materials and IPython notebooks for ""Python for Data Analysis"" by Wes McKinney, published by O'Reilly Media"
"Misc Scripts / iPython Notebooks / Codebases","Homemade Machine Learning","https://github.com/trekhleb/homemade-machine-learning","Homemade Machine Learning - Python examples of popular machine learning algorithms with interactive Jupyter demos and math being explained"
"Misc Scripts / iPython Notebooks / Codebases","Prodmodel","https://github.com/prodmodel/prodmodel","Prodmodel - Build tool for data science pipelines."
"Misc Scripts / iPython Notebooks / Codebases","the-elements-of-statistical-learning","https://github.com/maitbayev/the-elements-of-statistical-learning","the-elements-of-statistical-learning - This repository contains Jupyter notebooks implementing the algorithms found in the book and summary of the textbook."
"Misc Scripts / iPython Notebooks / Codebases","Hyperparameter-Optimization-of-Machine-Learning-Algorithms","https://github.com/LiYangHart/Hyperparameter-Optimization-of-Machine-Learning-Algorithms","Hyperparameter-Optimization-of-Machine-Learning-Algorithms - Code for hyperparameter tuning/optimization of machine learning and deep learning algorithms."
"Misc Scripts / iPython Notebooks / Codebases","Heart_Disease-Prediction","https://github.com/ShivamChoudhary17/Heart_Disease","Heart_Disease-Prediction - Given clinical parameters about a patient, can we predict whether or not they have heart disease?"
"Misc Scripts / iPython Notebooks / Codebases","Flight Fare Prediction","https://github.com/ShivamChoudhary17/Flight_Fare_Prediction","Flight Fare Prediction - This basically to gauge the understanding of Machine Learning Workflow and Regression technique in specific."
"Misc Scripts / iPython Notebooks / Codebases","Keras Tuner","https://github.com/keras-team/keras-tuner","Keras Tuner - An easy-to-use, scalable hyperparameter optimization framework that solves the pain points of hyperparameter search."
"Neural Networks","nn_builder","https://github.com/p-christ/nn_builder","
nn_builder - nn_builder is a python package that lets you build neural networks in 1 line
"
"Neural Networks","NeuralTalk","https://github.com/karpathy/neuraltalk","
NeuralTalk - NeuralTalk is a Python+numpy project for learning Multimodal Recurrent Neural Networks that describe images with sentences.
"
"Neural Networks","Neuron","https://github.com/molcik/python-neuron","
Neuron - Neuron is simple class for time series predictions. It's utilize LNU (Linear Neural Unit), QNU (Quadratic Neural Unit), RBF (Radial Basis Function), MLP (Multi Layer Perceptron), MLP-ELM (Multi Layer Perceptron - Extreme Learning Machine) neural networks learned with Gradient descent or LeLevenberg–Marquardt algorithm.
"
"Neural Networks","NeuralTalk","https://github.com/karpathy/neuraltalk2","
NeuralTalk - NeuralTalk is a Python+numpy project for learning Multimodal Recurrent Neural Networks that describe images with sentences. [Deprecated]
"
"Neural Networks","Neuron","https://github.com/molcik/python-neuron","
Neuron - Neuron is simple class for time series predictions. It's utilize LNU (Linear Neural Unit), QNU (Quadratic Neural Unit), RBF (Radial Basis Function), MLP (Multi Layer Perceptron), MLP-ELM (Multi Layer Perceptron - Extreme Learning Machine) neural networks learned with Gradient descent or LeLevenberg–Marquardt algorithm. [Deprecated]
"
"Neural Networks","Data Driven Code","https://github.com/atmb4u/data-driven-code","
Data Driven Code - Very simple implementation of neural networks for dummies in python without using any libraries, with detailed comments.
"
"Neural Networks","Machine Learning, Data Science and Deep Learning with Python","https://www.manning.com/livevideo/machine-learning-data-science-and-deep-learning-with-python","
Machine Learning, Data Science and Deep Learning with Python - LiveVideo course that covers machine learning, Tensorflow, artificial intelligence, and neural networks.
"
"Neural Networks","TResNet: High Performance GPU-Dedicated Architecture","https://github.com/mrT23/TResNet","
TResNet: High Performance GPU-Dedicated Architecture - TResNet models were designed and optimized to give the best speed-accuracy tradeoff out there on GPUs.
"
"Neural Networks","TResNet: Simple and powerful neural network library for python","https://github.com/zueve/neurolab","
TResNet: Simple and powerful neural network library for python - Variety of supported types of Artificial Neural Network and learning algorithms.
"
"Neural Networks","Jina AI","https://jina.ai/","
Jina AI An easier way to build neural search in the cloud. Compatible with Jupyter Notebooks.
"
"Neural Networks","sequitur","https://github.com/shobrook/sequitur","
sequitur PyTorch library for creating and training sequence autoencoders in just two lines of code
"
"Spiking Neural Networks","Rockpool","https://github.com/synsense/rockpool","Rockpool - A machine learning library for spiking neural networks. Supports training with both torch and jax pipelines, and deployment to neuromorphic hardware."
"Spiking Neural Networks","Sinabs","https://github.com/synsense/sinabs","Sinabs - A deep learning library for spiking neural networks which is based on PyTorch, focuses on fast training and supports inference on neuromorphic hardware."
"Spiking Neural Networks","Tonic","https://github.com/neuromorphs/tonic","Tonic - A library that makes downloading publicly available neuromorphic datasets a breeze and provides event-based data transformation/augmentation pipelines."
"Python Survival Analysis","lifelines","https://github.com/CamDavidsonPilon/lifelines","lifelines - lifelines is a complete survival analysis library, written in pure Python"
"Python Survival Analysis","Scikit-Survival","https://github.com/sebp/scikit-survival","Scikit-Survival - scikit-survival is a Python module for survival analysis built on top of scikit-learn. It allows doing survival analysis while utilizing the power of scikit-learn, e.g., for pre-processing or doing cross-validation."
"Federated Learning","Flower","https://flower.dev/","Flower - A unified approach to federated learning, analytics, and evaluation. Federate any workload, any ML framework, and any programming language."
"Federated Learning","PySyft","https://github.com/OpenMined/PySyft","PySyft - A Python library for secure and private Deep Learning."
"Federated Learning","Tensorflow-Federated","https://www.tensorflow.org/federated","Tensorflow-Federated A federated learning framework for machine learning and other computations on decentralized data."
"Kaggle Competition Source Code","open-solution-home-credit","https://github.com/neptune-ml/open-solution-home-credit","open-solution-home-credit -> source code and experiments results for Home Credit Default Risk."
"Kaggle Competition Source Code","open-solution-googleai-object-detection","https://github.com/neptune-ml/open-solution-googleai-object-detection","open-solution-googleai-object-detection -> source code and experiments results for Google AI Open Images - Object Detection Track."
"Kaggle Competition Source Code","open-solution-salt-identification","https://github.com/neptune-ml/open-solution-salt-identification","open-solution-salt-identification -> source code and experiments results for TGS Salt Identification Challenge."
"Kaggle Competition Source Code","open-solution-ship-detection","https://github.com/neptune-ml/open-solution-ship-detection","open-solution-ship-detection -> source code and experiments results for Airbus Ship Detection Challenge."
"Kaggle Competition Source Code","open-solution-data-science-bowl-2018","https://github.com/neptune-ml/open-solution-data-science-bowl-2018","open-solution-data-science-bowl-2018 -> source code and experiments results for 2018 Data Science Bowl."
"Kaggle Competition Source Code","open-solution-value-prediction","https://github.com/neptune-ml/open-solution-value-prediction","open-solution-value-prediction -> source code and experiments results for Santander Value Prediction Challenge."
"Kaggle Competition Source Code","open-solution-toxic-comments","https://github.com/neptune-ml/open-solution-toxic-comments","open-solution-toxic-comments -> source code for Toxic Comment Classification Challenge."
"Kaggle Competition Source Code","wiki challenge","https://github.com/hammer/wikichallenge","wiki challenge - An implementation of Dell Zhang's solution to Wikipedia's Participation Challenge on Kaggle."
"Kaggle Competition Source Code","kaggle insults","https://github.com/amueller/kaggle_insults","kaggle insults - Kaggle Submission for ""Detecting Insults in Social Commentary""."
"Kaggle Competition Source Code","kaggle_acquire-valued-shoppers-challenge","https://github.com/MLWave/kaggle_acquire-valued-shoppers-challenge","kaggle_acquire-valued-shoppers-challenge - Code for the Kaggle acquire valued shoppers challenge."
"Kaggle Competition Source Code","kaggle-cifar","https://github.com/zygmuntz/kaggle-cifar","kaggle-cifar - Code for the CIFAR-10 competition at Kaggle, uses cuda-convnet."
"Kaggle Competition Source Code","kaggle-blackbox","https://github.com/zygmuntz/kaggle-blackbox","kaggle-blackbox - Deep learning made easy."
"Kaggle Competition Source Code","kaggle-accelerometer","https://github.com/zygmuntz/kaggle-accelerometer","kaggle-accelerometer - Code for Accelerometer Biometric Competition at Kaggle."
"Kaggle Competition Source Code","kaggle-advertised-salaries","https://github.com/zygmuntz/kaggle-advertised-salaries","kaggle-advertised-salaries - Predicting job salaries from ads - a Kaggle competition."
"Kaggle Competition Source Code","kaggle amazon","https://github.com/zygmuntz/kaggle-amazon","kaggle amazon - Amazon access control challenge."
"Kaggle Competition Source Code","kaggle-bestbuy_big","https://github.com/zygmuntz/kaggle-bestbuy_big","kaggle-bestbuy_big - Code for the Best Buy competition at Kaggle."
"Kaggle Competition Source Code","kaggle-bestbuy_small","https://github.com/zygmuntz/kaggle-bestbuy_small","kaggle-bestbuy_small"
"Kaggle Competition Source Code","Kaggle Dogs vs. Cats","https://github.com/kastnerkyle/kaggle-dogs-vs-cats","Kaggle Dogs vs. Cats - Code for Kaggle Dogs vs. Cats competition."
"Kaggle Competition Source Code","Kaggle Galaxy Challenge","https://github.com/benanne/kaggle-galaxies","Kaggle Galaxy Challenge - Winning solution for the Galaxy Challenge on Kaggle."
"Kaggle Competition Source Code","Kaggle Gender","https://github.com/zygmuntz/kaggle-gender","Kaggle Gender - A Kaggle competition: discriminate gender based on handwriting."
"Kaggle Competition Source Code","Kaggle Merck","https://github.com/zygmuntz/kaggle-merck","Kaggle Merck - Merck challenge at Kaggle."
"Kaggle Competition Source Code","Kaggle Stackoverflow","https://github.com/zygmuntz/kaggle-stackoverflow","Kaggle Stackoverflow - Predicting closed questions on Stack Overflow."
"Kaggle Competition Source Code","kaggle_acquire-valued-shoppers-challenge","https://github.com/MLWave/kaggle_acquire-valued-shoppers-challenge","kaggle_acquire-valued-shoppers-challenge - Code for the Kaggle acquire valued shoppers challenge."
"Kaggle Competition Source Code","wine-quality","https://github.com/zygmuntz/wine-quality","wine-quality - Predicting wine quality."
"Reinforcement Learning","DeepMind Lab","https://github.com/deepmind/lab","DeepMind Lab - DeepMind Lab is a 3D learning environment based on id Software's Quake III Arena via ioquake3 and other open source software. Its primary purpose is to act as a testbed for research in artificial intelligence, especially deep reinforcement learning."
"Reinforcement Learning","Gym","https://github.com/openai/gym","Gym - OpenAI Gym is a toolkit for developing and comparing reinforcement learning algorithms."
"Reinforcement Learning","Serpent.AI","https://github.com/SerpentAI/SerpentAI","Serpent.AI - Serpent.AI is a game agent framework that allows you to turn any video game you own into a sandbox to develop AI and machine learning experiments. For both researchers and hobbyists."
"Reinforcement Learning","ViZDoom","https://github.com/mwydmuch/ViZDoom","ViZDoom - ViZDoom allows developing AI bots that play Doom using only the visual information (the screen buffer). It is primarily intended for research in machine visual learning, and deep reinforcement learning, in particular."
"Reinforcement Learning","Roboschool","https://github.com/openai/roboschool","Roboschool - Open-source software for robot simulation, integrated with OpenAI Gym."
"Reinforcement Learning","Retro","https://github.com/openai/retro","Retro - Retro Games in Gym"
"Reinforcement Learning","SLM Lab","https://github.com/kengz/SLM-Lab","SLM Lab - Modular Deep Reinforcement Learning framework in PyTorch."
"Reinforcement Learning","Coach","https://github.com/NervanaSystems/coach","Coach - Reinforcement Learning Coach by Intel® AI Lab enables easy experimentation with state of the art Reinforcement Learning algorithms"
"Reinforcement Learning","garage","https://github.com/rlworkgroup/garage","garage - A toolkit for reproducible reinforcement learning research"
"Reinforcement Learning","metaworld","https://github.com/rlworkgroup/metaworld","metaworld - An open source robotics benchmark for meta- and multi-task reinforcement learning"
"Reinforcement Learning","acme","https://deepmind.com/research/publications/Acme","acme - An Open Source Distributed Framework for Reinforcement Learning that makes build and train your agents easily."
"Reinforcement Learning","Spinning Up","https://spinningup.openai.com","Spinning Up - An educational resource designed to let anyone learn to become a skilled practitioner in deep reinforcement learning"
"Reinforcement Learning","Maze","https://github.com/enlite-ai/maze","Maze - Application-oriented deep reinforcement learning framework addressing real-world decision problems."
"Reinforcement Learning","RLlib","https://github.com/ray-project/ray","RLlib - RLlib is an industry level, highly scalable RL library for tf and torch, based on Ray. It's used by companies like Amazon and Microsoft to solve real-world decision making problems at scale."
"Reinforcement Learning","DI-engine","https://github.com/opendilab/DI-engine","DI-engine - DI-engine is a generalized Decision Intelligence engine. It supports most basic deep reinforcement learning (DRL) algorithms, such as DQN, PPO, SAC, and domain-specific algorithms like QMIX in multi-agent RL, GAIL in inverse RL, and RND in exploration problems."
